"","Site","Topography","Treatment","ID.CIRAD","DBH.2015","Family","Genus","Specie","DBH.03_06_2020","DBH.2020","dif","pond","nfix","year_pond"
"36","Paracou","B","N","PAR_B1-36",10.9816910733408,"Fabaceae","Inga",NA,"10.95",10.95,0,0,1,0
"37","Paracou","B","N","PAR_B1-37",21.4859173174059,"Anacardiaceae",NA,NA,"22",22,0.514082682594129,0.02392649450334,1,0.004785298900668
"38","Paracou","B","N","PAR_B1-38",15.4380294799138,"Chrysobalanaceae","Licania","heteromorpha","15.62",15.62,0.181970520086152,0.0117871597746921,0,0.00235743195493842
"39","Paracou","B","N","PAR_B1-39",20.5309876588545,"Icacinaceae","Poraqueiba","guianensis","21",21,0.4690123411455,0.022844119773421,0,0.0045688239546842
"63","Paracou","B","N","PAR_B1-63",48.70141258612,"Fabaceae","Bocoa","prouacensis","50.46",50.46,1.75858741388003,0.0361095771251044,1,0.00722191542502088
"64","Paracou","B","N","PAR_B1-64",45.9957785535578,"Chrysobalanaceae","Licania","alba","50",50,4.00422144644224,0.0870562815189595,0,0.0174112563037919
"65","Paracou","B","N","PAR_B1-65",28.966199642725,"Annonaceae","Oxandra","asbeckii","29.08",29.08,0.113800357275046,0.00392872930100197,0,0.000785745860200394
"66","Paracou","B","N","PAR_B1-66",32.7859182769304,"Sapindaceae","Talisia",NA,"33.32",33.32,0.534081723069562,0.0162899729865234,0,0.00325799459730469
"67","Paracou","B","N","PAR_B1-67",42.1760599193523,"Fabaceae","Eperua","falcata","42.4",42.4,0.223940080647736,0.00530964914873384,1,0.00106192982974677
"68","Paracou","B","N","PAR_B1-68",17.1887338539247,"Chrysobalanaceae","Licania","alba","17.149999999999999",17.15,0,0,0,0
"71","Paracou","B","N","PAR_B1-71",20.0535228295788,"Myristicaceae","Iryanthera","hostmannii","20.399999999999999",20.4,0.346477170421185,0.0172776211624091,0,0.00345552423248182
"74","Paracou","B","N","PAR_B1-74",10.1859163578813,"Myristicaceae","Iryanthera","hostmannii","11.36",11.36,1.1740836421187,0.115265392024376,0,0.0230530784048753
"86","Paracou","B","N","PAR_B1-86",19.0985931710274,"Fabaceae","Bocoa","prouacensis","19.28",19.28,0.181406828972559,0.00949843935352019,1,0.00189968787070404
"87","Paracou","B","N","PAR_B1-87",29.6028194150925,"Fabaceae","Swartzia","panacoco","29.71",29.71,0.107180584907468,0.00362062084035224,1,0.000724124168070447
"88","Paracou","B","N","PAR_B1-88",18.1436635124761,"Apocynaceae","Ambelania","acida","18",18,0,0,0,0
"89","Paracou","B","N","PAR_B1-89",55.7042300821634,"Apocynaceae","Ambelania","acida","57.18",57.18,1.47576991783663,0.0264929596129392,0,0.00529859192258785
"90","Paracou","B","N","PAR_B1-90",43.1309895779036,"Fabaceae","Eperua","falcata","44.3",44.3,1.16901042209636,0.0271037236459617,1,0.00542074472919235
"91","Paracou","B","N","PAR_B1-91",15.9154943091895,"Fabaceae","Eperua","falcata","15.87",15.87,0,0,1,0
"94","Paracou","B","N","PAR_B1-94",61.1154981472878,"Chrysobalanaceae","Licania","alba","61.82",61.82,0.704501852712191,0.0115273846089636,0,0.00230547692179273
"95","Paracou","B","N","PAR_B1-95",13.5281701628111,"Melastomataceae","Mouriri",NA,"13.68",13.68,0.151829837188895,0.0112232353201969,0,0.00224464706403938
"120","Paracou","B","N","PAR_B1-120",46.7915532690172,"Fabaceae","Eperua","falcata","48.5",48.5,1.70844673098277,0.0365118618986733,1,0.00730237237973466
"152","Paracou","B","NP","PAR_B2-22",58.2507091716337,"Lecythidaceae","Couratari",NA,"58.64",58.64,0.389290828366306,0.0066830229863687,0,0.00133660459727374
"174","Paracou","B","NP","PAR_B2-44",10.8225361302489,"Lauraceae",NA,NA,"10.97",10.97,0.147463869751117,0.0136256297023539,1,0.00272512594047078
"175","Paracou","B","NP","PAR_B2-45",10.1859163578813,"Myristicaceae","Iryanthera","hostmannii","10.19",10.19,0.00408364211869738,0.000400910627499674,0,8.01821254999347e-05
"176","Paracou","B","NP","PAR_B2-46",20.3718327157626,"Bignoniaceae","Tabebuia","insignis","20.79",20.79,0.418167284237395,0.0205267385645593,0,0.00410534771291186
"177","Paracou","B","NP","PAR_B2-47",47.2690180982929,"Lecythidaceae","Lecythis",NA,"49.62",49.62,2.35098190170708,0.0497362119267712,0,0.00994724238535424
"193","Paracou","B","NP","PAR_B2-63",36.6056369111359,"Urticaceae","Pourouma",NA,"39.090000000000003",39.09,2.48436308886407,0.0678683202506523,0,0.0135736640501305
"194","Paracou","B","NP","PAR_B2-64",10.8225361302489,"Humiriaceae",NA,NA,"10.85",10.85,0.0274638697511165,0.00253765563086043,1,0.000507531126172085
"195","Paracou","B","NP","PAR_B2-65",28.4887348134493,"Lecythidaceae","Lecythis",NA,"28.5",28.5,0.0112651865507338,0.000395426003453675,0,7.90852006907351e-05
"196","Paracou","B","NP","PAR_B2-66",31.8309886183791,"Apocynaceae","Ambelania","acida","32.64",32.64,0.809011381620934,0.0254158421317085,0,0.00508316842634171
"197","Paracou","B","NP","PAR_B2-67",29.1253545858168,"Cardiopteridaceae","Dendrobangia","boliviana","31.07",31.07,1.94464541418315,0.0667681283828948,0,0.013353625676579
"198","Paracou","B","NP","PAR_B2-68",15.4380294799138,"Lecythidaceae","Lecythis","persistens","15.58",15.58,0.141970520086153,0.00919615552430884,0,0.00183923110486177
"199","Paracou","B","NP","PAR_B2-69",14.6422547644544,"Clusiaceae","Tovomita",NA,"14.71",14.71,0.0677452355456296,0.00462669422404044,0,0.000925338844808087
"200","Paracou","B","NP","PAR_B2-70",10.1859163578813,"Putranjivaceae","Drypetes","variabilis","10.210000000000001",10.21,0.0240836421186987,0.00236440603599343,0,0.000472881207198685
"201","Paracou","B","NP","PAR_B2-71",24.5098612361519,"Icacinaceae","Poraqueiba","guianensis","24.52",24.52,0.0101387638481185,0.000413660597684817,0,8.27321195369634e-05
"202","Paracou","B","NP","PAR_B2-72",11.3000009595246,"Fabaceae","Eperua","falcata","11.14",11.14,0,0,1,0
"203","Paracou","B","NP","PAR_B2-73",11.4591559026165,"Lecythidaceae","Lecythis","persistens","12.05",12.05,0.590844097383536,0.0515608743265836,0,0.0103121748653167
"205","Paracou","B","NP","PAR_B2-75",19.8943678864869,"Fabaceae","Eperua","falcata","19.71",19.71,0,0,1,0
"206","Paracou","B","NP","PAR_B2-76",23.0774667483248,"Lecythidaceae","Lecythis","chartacea","35.51",35.51,12.4325332516752,0.538730415572049,0,0.10774608311441
"225","Paracou","B","NP","PAR_B2-95",11.3000009595246,"Myristicaceae","Virola","michelii","11.33",11.33,0.0299990404754311,0.00265478211753119,0,0.000530956423506238
"227","Paracou","B","NP","PAR_B2-97",12.4140855611678,"Polygonaceae","Coccoloba","mollis","12.8",12.8,0.385914438832165,0.0310868196397271,0,0.00621736392794542
"228","Paracou","B","NP","PAR_B2-98",33.7408479354818,"Fabaceae","Eperua","falcata","37.25",37.25,3.50915206451819,0.104003078737923,1,0.0208006157475845
"229","Paracou","B","NP","PAR_B2-99",22.9183118052329,"Lecythidaceae","Lecythis",NA,"22.91",22.91,0,0,0,0
"289","Paracou","B","P","PAR_B3-14",46.1549334966496,"Lecythidaceae","Lecythis",NA,"46.26",46.26,0.105066503350351,0.00227638727630227,0,0.000455277455260454
"322","Paracou","B","P","PAR_B3-47",55.7042300821634,"Lecythidaceae","Eschweilera",NA,"56.56",56.56,0.855769917836632,0.0153627456402212,0,0.00307254912804423
"327","Paracou","B","P","PAR_B3-52",12.7323954473516,"Lecythidaceae","Lecythis",NA,"12.64",12.64,0,0,0,0
"328","Paracou","B","P","PAR_B3-53",11.4591559026165,"Myristicaceae","Iryanthera","hostmannii","11.55",11.55,0.0908440973835365,0.00792764302672539,0,0.00158552860534508
"329","Paracou","B","P","PAR_B3-54",25.1464810085195,"Lecythidaceae","Lecythis",NA,"26.14",26.14,0.993518991480535,0.0395092653776859,0,0.00790185307553719
"330","Paracou","B","P","PAR_B3-55",48.0647928137524,"Fabaceae","Eperua","falcata","48.51",48.51,0.445207186247607,0.00926264652742296,1,0.00185252930548459
"345","Paracou","B","P","PAR_B3-70",48.3831026999362,"Lecythidaceae","Eschweilera",NA,"48.82",48.82,0.436897300063819,0.00902995623851125,0,0.00180599124770225
"352","Paracou","B","P","PAR_B3-77",24.5098612361519,"Bignoniaceae","Jacaranda","copaia","26.43",26.43,1.92013876384812,0.0783414783685485,0,0.0156682956737097
"355","Paracou","B","P","PAR_B3-80",16.0746492522814,"Lecythidaceae","Lecythis","persistens","17.57",17.57,1.49535074771857,0.0930254044271816,0,0.0186050808854363
"356","Paracou","B","P","PAR_B3-81",12.5732405042597,"Peraceae","Chaetocarpus","schomburgkianus","12.95",12.95,0.376759495740266,0.0299651864300713,0,0.00599303728601426
"357","Paracou","B","P","PAR_B3-82",20.3718327157626,"Fabaceae","Eperua","falcata","20.78",20.78,0.408167284237397,0.020035864712436,1,0.0040071729424872
"359","Paracou","B","P","PAR_B3-84",13.3690152197192,"Clusiaceae","Tovomita",NA,"13.41",13.41,0.040984780280791,0.00306565439616964,0,0.000613130879233928
"360","Paracou","B","P","PAR_B3-85",12.5732405042597,"Fabaceae","Eperua","falcata","13.05",13.05,0.476759495740268,0.0379185855530835,1,0.00758371711061671
"361","Paracou","B","P","PAR_B3-86",10.9816910733408,"Malvaceae","Sterculia","pruriens","11.1",11.1,0.118308926659221,0.0107732885462812,0,0.00215465770925625
"362","Paracou","B","P","PAR_B3-87",23.2366216914167,"Lecythidaceae","Eschweilera","coriacea","24.2",24.2,0.96337830858328,0.0414594824229177,0,0.00829189648458355
"363","Paracou","B","P","PAR_B3-88",17.8253536262923,"Fabaceae","Eperua","falcata","18.059999999999999",18.06,0.234646373707719,0.0131636307827081,1,0.00263272615654162
"364","Paracou","B","P","PAR_B3-89",26.2605656101627,"Fabaceae","Eperua","falcata","20.350000000000001",20.35,0,0,1,0
"365","Paracou","B","P","PAR_B3-90",10.663381187157,"Myristicaceae","Iryanthera","hostmannii","11.22",11.22,0.556618812843013,0.0521990917396263,0,0.0104398183479253
"386","Paracou","B","P","PAR_B3-111",15.4380294799138,"Fabaceae","Eperua","falcata","15.15",15.15,0,0,1,0
"387","Paracou","B","P","PAR_B3-112",20.0535228295788,"Fabaceae","Eperua","falcata","20.14",20.14,0.0864771704211869,0.00431231814759418,1,0.000862463629518835
"388","Paracou","B","P","PAR_B3-113",18.1436635124761,"Lecythidaceae","Lecythis","persistens","17.96",17.96,0,0,0,0
"389","Paracou","B","P","PAR_B3-114",15.5971844230057,"Fabaceae","Swartzia","panacoco","16.36",16.36,0.762815576994257,0.0489072614842656,1,0.00978145229685312
"424","Paracou","B","P","PAR_B3-149",43.6084544071793,"Annonaceae",NA,NA,"43.3",43.3,0,0,1,0
"435","Paracou","B","P","PAR_B3-160",53.7943707650606,"Chrysobalanaceae","Licania","alba","54.15",54.15,0.355629234939371,0.00661090054371176,0,0.00132218010874235
"474","Paracou","S","N","PAR_S1-30",55.2267652528877,"Melastomataceae",NA,NA,"56.1",56.1,0.873234747112321,0.0158118032644807,1,0.00316236065289615
"480","Paracou","S","N","PAR_S1-36",51.5662015617741,"Malvaceae","Theobroma",NA,"53.18",53.18,1.61379843822591,0.0312956624562049,0,0.00625913249124097
"481","Paracou","S","N","PAR_S1-37",47.7464829275686,"Lecythidaceae","Lecythis",NA,"49.2",49.2,1.4535170724314,0.0304423903774523,0,0.00608847807549045
"483","Paracou","S","N","PAR_S1-39",19.0985931710274,"Fabaceae","Recordoxylon","speciosum","20.7",20.7,1.60140682897256,0.0838494654884785,1,0.0167698930976957
"484","Paracou","S","N","PAR_S1-40",53.7943707650606,"Fabaceae","Eperua","falcata","53.82",53.82,0.0256292349393732,0.000476429681672554,1,9.52859363345108e-05
"485","Paracou","S","N","PAR_S1-41",15.278874536822,"Lecythidaceae","Eschweilera",NA,"15.55",15.55,0.271125463178048,0.0177451200691935,0,0.0035490240138387
"486","Paracou","S","N","PAR_S1-42",18.6211283417518,"Arecaceae","Oenocarpus","bataua","18.850000000000001",18.85,0.228871658248245,0.0122909661567111,0,0.00245819323134222
"487","Paracou","S","N","PAR_S1-43",10.0267614147894,"Fabaceae","Eperua","falcata","10.36",10.36,0.333238585210593,0.033234917180643,1,0.0066469834361286
"496","Paracou","S","N","PAR_S1-52",41.6985950900766,"Lecythidaceae","Eschweilera",NA,"42.45",42.45,0.751404909923423,0.0180199095029521,0,0.00360398190059042
"505","Paracou","S","N","PAR_S1-61",40.4253555453414,"Fabaceae","Abarema","jupunba","43.13",43.13,2.70464445465858,0.0669046547191164,1,0.0133809309438233
"506","Paracou","S","N","PAR_S1-62",25.783100780887,"Clusiaceae","Tovomita",NA,"26.82",26.82,1.03689921911295,0.0402162341886203,0,0.00804324683772407
"507","Paracou","S","N","PAR_S1-63",11.9366207318922,"Euphorbiaceae","Conceveiba","guianensis","12.18",12.18,0.24337926810785,0.0203892938859648,0,0.00407785877719297
"509","Paracou","S","N","PAR_S1-65",15.9154943091895,"Chrysobalanaceae","Licania","alba","16.11",16.11,0.194505690810466,0.0122211529866314,0,0.00244423059732627
"511","Paracou","S","N","PAR_S1-67",22.6000019190491,"Lecythidaceae","Lecythis","persistens","22.82",22.82,0.219998080950862,0.00973442753407158,0,0.00194688550681432
"514","Paracou","S","N","PAR_S1-70",19.0985931710274,"Meliaceae","Carapa","surinamensis","19.47",19.47,0.371406828972557,0.0194468160898877,0,0.00388936321797755
"516","Paracou","S","N","PAR_S1-72",12.8915503904435,"Fabaceae","Eperua","falcata","13.56",13.56,0.668449609556477,0.0518517625352492,1,0.0103703525070498
"517","Paracou","S","N","PAR_S1-73",16.8704239677409,"Lecythidaceae","Lecythis",NA,"17",17,0.129576032259095,0.00768066247219787,0,0.00153613249443957
"518","Paracou","S","N","PAR_S1-74",11.6183108457084,"Chrysobalanaceae","Licania","alba","11.89",11.89,0.271689154291641,0.0233845657858258,0,0.00467691315716517
"520","Paracou","S","N","PAR_S1-76",10.5042262440651,"Lecythidaceae","Lecythis",NA,"10.7",10.7,0.195773755934907,0.018637617982145,0,0.00372752359642899
"521","Paracou","S","N","PAR_S1-77",11.1408460164327,"Fabaceae","Eperua","falcata","11.64",11.64,0.499153983567327,0.0448039567938627,1,0.00896079135877254
"523","Paracou","S","N","PAR_S1-79",12.8915503904435,"Lecythidaceae","Eschweilera",NA,"12.94",12.94,0.0484496095564761,0.00375824536918319,0,0.000751649073836638
"539","Paracou","S","N","PAR_S1-95",55.0676103097958,"Clusiaceae","Garcinia",NA,"56.9",56.9,1.83238969020421,0.0332752716142152,0,0.00665505432284303
"543","Paracou","S","N","PAR_S1-99",11.4591559026165,"Lecythidaceae","Lecythis",NA,"11.68",11.68,0.220844097383535,0.0192722831646884,0,0.00385445663293769
"544","Paracou","S","N","PAR_S1-100",14.6422547644544,"Lecythidaceae","Lecythis",NA,"15.06",15.06,0.417745235545629,0.0285301165883106,0,0.00570602331766212
"545","Paracou","S","N","PAR_S1-101",13.8464800489949,"Fabaceae","Eperua","falcata","13.9",13.9,0.0535199510051054,0.00386523873329023,1,0.000773047746658045
"546","Paracou","S","N","PAR_S1-102",32.6267633338385,"Fabaceae","Eperua","falcata","33.51",33.51,0.883236666161451,0.0270709250906727,1,0.00541418501813455
"549","Paracou","S","N","PAR_S1-105",18.1436635124761,"Clusiaceae","Symphonia",NA,"18.37",18.37,0.22633648752393,0.0124746850253421,0,0.00249493700506841
"550","Paracou","S","N","PAR_S1-106",10.1859163578813,"Fabaceae","Eperua","falcata","10.25",10.25,0.0640836421186979,0.00629139685298058,1,0.00125827937059612
"551","Paracou","S","N","PAR_S1-107",27.374650211806,"Fabaceae","Tachigali",NA,"27.91",27.91,0.535349788194001,0.0195564065312921,1,0.00391128130625843
"569","Paracou","S","N","PAR_S1-125",43.6084544071793,"Chrysobalanaceae","Licania","alba","45.45",45.45,1.84154559282068,0.0422290956617234,0,0.00844581913234468
"604","Paracou","S","NP","PAR_S2-19",45.9957785535578,"Fabaceae","Eperua","grandiflora","46.4",46.4,0.404221446442243,0.0087882292495944,1,0.00175764584991888
"621","Paracou","S","NP","PAR_S2-36",18.4619733986599,"Lecythidaceae","Lecythis","zabucajo","18.5",18.5,0.0380266013401389,0.00205972571398566,0,0.000411945142797132
"622","Paracou","S","NP","PAR_S2-37",12.4140855611678,"Annonaceae","Oxandra","asbeckii","12.47",12.47,0.0559144388321648,0.00450411257089038,0,0.000900822514178077
"623","Paracou","S","NP","PAR_S2-38",11.7774657888003,"Annonaceae","Oxandra","asbeckii","11.95",11.95,0.172534211199745,0.0146495191999467,0,0.00292990383998934
"643","Paracou","S","NP","PAR_S2-58",25.783100780887,"Fabaceae","Bocoa","prouacensis","13.26",13.26,0,0,1,0
"644","Paracou","S","NP","PAR_S2-59",13.5281701628111,"Lecythidaceae","Eschweilera",NA,"13.97",13.97,0.441829837188896,0.0326599851917508,0,0.00653199703835017
"645","Paracou","S","NP","PAR_S2-60",10.5042262440651,"Malvaceae","Catostemma","fragrans","10.45",10.45,0,0,0,0
"646","Paracou","S","NP","PAR_S2-61",12.4140855611678,"Vochysiaceae","Ruizterania","albiflora","12.57",12.57,0.155914438832164,0.0125594783493257,0,0.00251189566986514
"648","Paracou","S","NP","PAR_S2-63",27.6929600979898,"Lecythidaceae","Lecythis",NA,"27.84",27.84,0.14703990201021,0.00530964914873378,0,0.00106192982974676
"649","Paracou","S","NP","PAR_S2-64",24.5098612361519,"Anacardiaceae",NA,NA,"24.82",24.82,0.310138763848119,0.0126536319753074,1,0.00253072639506148
"651","Paracou","S","NP","PAR_S2-66",35.6507072525846,"Fabaceae","Bocoa","prouacensis","36.1",36.1,0.449292747415441,0.0126026320945672,1,0.00252052641891344
"652","Paracou","S","NP","PAR_S2-67",17.1887338539247,"Lecythidaceae","Lecythis",NA,"17.88",17.88,0.691266146075304,0.0402162341886204,0,0.00804324683772408
"653","Paracou","S","NP","PAR_S2-68",11.9366207318922,"Annonaceae","Oxandra","asbeckii","12.71",12.71,0.773379268107851,0.0647904700567007,0,0.0129580940113401
"654","Paracou","S","NP","PAR_S2-69",14.6422547644544,"Fabaceae","Inga",NA,"15.16",15.16,0.517745235545629,0.0353596658352449,1,0.00707193316704898
"656","Paracou","S","NP","PAR_S2-71",40.4253555453414,"Fabaceae","Eperua","falcata","40.450000000000003",40.45,0.0246444546585849,0.000609628643363284,1,0.000121925728672657
"657","Paracou","S","NP","PAR_S2-72",45.8366236104659,"Sapotaceae","Micropholis",NA,"46.56",46.56,0.723376389534145,0.0157816246606999,0,0.00315632493213997
"668","Paracou","S","NP","PAR_S2-83",47.109863155201,"Lecythidaceae","Eschweilera",NA,"50.62",50.62,3.51013684479898,0.0745095954372657,0,0.0149019190874531
"669","Paracou","S","NP","PAR_S2-84",11.6183108457084,"Fabaceae","Eperua","falcata","11.78",11.78,0.16168915429164,0.0139167523092538,1,0.00278335046185075
"670","Paracou","S","NP","PAR_S2-85",16.711269024649,"Meliaceae","Carapa","surinamensis","16.86",16.86,0.14873097535099,0.00890004075283646,0,0.00178000815056729
"671","Paracou","S","NP","PAR_S2-86",15.7563393660976,"Fabaceae","Eperua","falcata","15.5",15.5,0,0,1,0
"672","Paracou","S","NP","PAR_S2-87",10.663381187157,"Fabaceae","Eperua","falcata","10.87",10.87,0.206618812843011,0.0193764819260015,1,0.00387529638520029
"675","Paracou","S","NP","PAR_S2-90",10.5042262440651,"Burseraceae",NA,NA,"10.25",10.25,0,0,1,0
"676","Paracou","S","NP","PAR_S2-91",10.9816910733408,"Fabaceae","Pterocarpus","officinalis","11.38",11.38,0.398308926659222,0.0362702724015029,1,0.00725405448030057
"681","Paracou","S","NP","PAR_S2-96",14.1647899351787,"Urticaceae","Cecropia","obtusa","14.31",14.31,0.145210064821315,0.0102514802892122,0,0.00205029605784243
"705","Paracou","S","NP","PAR_S2-120",43.1309895779036,"Fabaceae","Pterocarpus","officinalis","44.2",44.2,1.06901042209636,0.024785205082427,1,0.00495704101648539
"721","Paracou","S","P","PAR_S3-3",57.4549344561742,"Malvaceae","Sterculia",NA,"57.87",57.87,0.415065543825776,0.0072241931481513,0,0.00144483862963026
"731","Paracou","S","P","PAR_S3-13",41.5394401469847,"Lecythidaceae","Lecythis",NA,"43.48",43.48,1.94055985301532,0.0467160810581165,0,0.0093432162116233
"732","Paracou","S","P","PAR_S3-14",40.4253555453414,"Fabaceae","Eperua","falcata","41.08",41.08,0.65464445465858,0.0161939071611708,1,0.00323878143223416
"734","Paracou","S","P","PAR_S3-16",39.3112709436981,"Arecaceae","Oenocarpus","bataua","39.54",39.54,0.228729056301852,0.00581840909263501,0,0.001163681818527
"740","Paracou","S","P","PAR_S3-22",58.5690190578175,"Lecythidaceae","Lecythis",NA,"58.26",58.26,0,0,0,0
"752","Paracou","S","P","PAR_S3-34",15.5971844230057,"Lauraceae",NA,NA,"16.52",16.52,0.922815576994257,0.0591655232102731,1,0.0118331046420546
"753","Paracou","S","P","PAR_S3-35",10.5042262440651,"Myristicaceae","Iryanthera","hostmannii","10.95",10.95,0.445773755934907,0.0424375623275222,0,0.00848751246550444
"758","Paracou","S","P","PAR_S3-40",50.9295817894065,"Lecythidaceae","Lecythis",NA,"51.4",51.4,0.470418210593486,0.00923663996572095,0,0.00184732799314419
"759","Paracou","S","P","PAR_S3-41",15.278874536822,"Lecythidaceae","Eschweilera",NA,"16.73",16.73,1.45112546317805,0.0949759394699425,0,0.0189951878939885
"760","Paracou","S","P","PAR_S3-42",29.2845095289087,"Lecythidaceae","Gustavia",NA,"30.32",30.32,1.03549047109126,0.0353596658352449,0,0.00707193316704898
"767","Paracou","S","P","PAR_S3-49",51.8845114479579,"Apocynaceae",NA,NA,"54.07",54.07,2.18548855204212,0.0421221765619638,1,0.00842443531239277
"768","Paracou","S","P","PAR_S3-50",32.4676083907466,"Lecythidaceae","Lecythis",NA,"32.74",32.74,0.272391609253354,0.00838964194637097,0,0.00167792838927419
"779","Paracou","S","P","PAR_S3-61",42.4943698055361,"Fabaceae","Inga",NA,"43.55",43.55,1.05563019446394,0.0248416484182434,1,0.00496832968364868
"789","Paracou","S","P","PAR_S3-71",24.6690161792438,"Simaroubaceae","Simaba","cedron","24.57",24.57,0,0,0,0
"790","Paracou","S","P","PAR_S3-72",52.9985960496011,"Myrtaceae",NA,NA,"52.65",52.65,0,0,1,0
"791","Paracou","S","P","PAR_S3-73",29.1253545858168,"Sapotaceae","Chrysophyllum","cuneifolium","29.78",29.78,0.654645414183154,0.0224768221191699,0,0.00449536442383397
"792","Paracou","S","P","PAR_S3-74",26.4197205532546,"Putranjivaceae","Drypetes",NA,"27.5",27.5,1.08027944674537,0.0408891322134856,0,0.00817782644269713
"793","Paracou","S","P","PAR_S3-75",11.3000009595246,"Sapindaceae","Talisia",NA,"11.61",11.61,0.30999904047543,0.0274335410754225,0,0.00548670821508449
"794","Paracou","S","P","PAR_S3-76",51.8845114479579,"Lauraceae","Sextonia","rubra","52.95",52.95,1.06548855204212,0.0205357730526353,0,0.00410715461052705
"795","Paracou","S","P","PAR_S3-77",10.663381187157,"Fabaceae","Bocoa","prouacensis","11.37",11.37,0.706618812843011,0.0662659245168939,1,0.0132531849033788
"798","Paracou","S","P","PAR_S3-80",15.278874536822,"Sapotaceae","Chrysophyllum","sanguinolentum","15.6",15.6,0.321125463178047,0.0210176124166828,0,0.00420352248333656
"799","Paracou","S","P","PAR_S3-81",15.1197195937301,"Meliaceae","Carapa","surinamensis","15.64",15.64,0.520280406269944,0.0344107179398814,0,0.00688214358797628
"800","Paracou","S","P","PAR_S3-82",10.1859163578813,"Bignoniaceae","Jacaranda","copaia","10.45",10.45,0.264083642118697,0.0259263509379167,0,0.00518527018758334
"802","Paracou","S","P","PAR_S3-84",11.4591559026165,"Sapotaceae",NA,NA,"11.33",11.33,0,0,1,0
"808","Paracou","S","P","PAR_S3-90",25.783100780887,"Sapotaceae",NA,NA,"26.08",26.08,0.296899219112952,0.0115152642669357,1,0.00230305285338715
"811","Paracou","S","P","PAR_S3-93",56.1816949114391,"Sapotaceae","Pradosia","ptychandra","57",57,0.818305088560948,0.0145653328873553,0,0.00291306657747107
"816","Paracou","S","P","PAR_S3-98",56.6591597407147,"Rubiaceae",NA,NA,"57.63",57.63,0.970840259285261,0.0171347450920213,1,0.00342694901840425
"825","Paracou","S","P","PAR_S3-107",23.5549315776005,"Fabaceae","Vouacapoua","americana","23.68",23.68,0.12506842239949,0.00530964914873383,1,0.00106192982974677
"826","Paracou","S","P","PAR_S3-108",20.8492975450383,"Lecythidaceae","Eschweilera",NA,"21.4",21.4,0.550702454961709,0.026413477661398,0,0.00528269553227959
"827","Paracou","S","P","PAR_S3-109",10.3450713009732,"Lecythidaceae","Eschweilera","decolorans","11.5",11.5,1.1549286990268,0.111640477424081,0,0.0223280954848161
"828","Paracou","S","P","PAR_S3-110",21.326762374314,"Clusiaceae","Tovomita",NA,"21.21",21.21,0,0,0,0
"831","Paracou","S","P","PAR_S3-113",48.5422576430281,"Lecythidaceae","Lecythis",NA,"48.69",48.69,0.147742356971918,0.00304358231663618,0,0.000608716463327237
"833","Paracou","S","P","PAR_S3-115",11.7774657888003,"Annonaceae","Oxandra","asbeckii","12.51",12.51,0.732534211199745,0.062197948551576,0,0.0124395897103152
"834","Paracou","S","P","PAR_S3-116",34.3774677078494,"Sapotaceae","Chrysophyllum","sanguinolentum","36.159999999999997",36.16,1.78253229215061,0.0518517625352492,0,0.0103703525070498
"859","Paracou","S","P","PAR_S3-141",51.5662015617741,"Rubiaceae","Chimarrhis","turbinata","53.91",53.91,2.3437984382259,0.0454522219446033,0,0.00909044438892065
"898","Paracou","T","N","PAR_T1-18",43.9267642933631,"Myristicaceae","Iryanthera","hostmannii","45.41",45.41,1.48323570663688,0.0337661043442935,0,0.00675322086885869
"903","Paracou","T","N","PAR_T1-23",44.4042291226388,"Elaeocarpaceae","Sloanea",NA,"44.51",44.51,0.105770877361195,0.00238200008087224,0,0.000476400016174447
"919","Paracou","T","N","PAR_T1-39",11.4591559026165,"Clusiaceae","Garcinia","benthamiana","11.63",11.63,0.170844097383537,0.0149089600347027,0,0.00298179200694054
"920","Paracou","T","N","PAR_T1-40",56.0225399683472,"Lecythidaceae","Gustavia","hexapetala","54.89",54.89,0,0,0,0
"921","Paracou","T","N","PAR_T1-41",14.0056349920868,"Fabaceae","Bocoa","prouacensis","14.06",14.06,0.0543650079132103,0.00388165248801119,1,0.000776330497602238
"922","Paracou","T","N","PAR_T1-42",21.4859173174059,"Fabaceae","Bocoa","prouacensis","22.03",22.03,0.54408268259413,0.0253227579049355,1,0.0050645515809871
"923","Paracou","T","N","PAR_T1-43",34.0591578216656,"Lecythidaceae","Eschweilera",NA,"34.299999999999997",34.3,0.240842178334397,0.00707128988906452,0,0.0014142579778129
"924","Paracou","T","N","PAR_T1-44",12.7323954473516,"Vochysiaceae","Ruizterania","albiflora","12.83",12.83,0.097604552648372,0.00766584363892609,0,0.00153316872778522
"929","Paracou","T","N","PAR_T1-49",40.1070456591576,"Lecythidaceae","Lecythis",NA,"39.81",39.81,0,0,0,0
"930","Paracou","T","N","PAR_T1-50",11.7774657888003,"Lecythidaceae","Lecythis",NA,"11.95",11.95,0.172534211199745,0.0146495191999467,0,0.00292990383998934
"932","Paracou","T","N","PAR_T1-52",10.3450713009732,"Clusiaceae","Symphonia","sp.1","10.48",10.48,0.134928699026803,0.0130428002960318,0,0.00260856005920636
"933","Paracou","T","N","PAR_T1-53",13.687325105903,"Arecaceae","Oenocarpus","bataua","14.22",14.22,0.532674894097001,0.0389173845127177,0,0.00778347690254353
"959","Paracou","T","N","PAR_T1-79",29.7619743581844,"Fabaceae","Macrolobium","bifolium","29.9",29.9,0.13802564181557,0.00463765072015842,1,0.000927530144031683
"960","Paracou","T","N","PAR_T1-80",26.7380304394384,"Euphorbiaceae","Conceveiba","guianensis","30.93",30.93,4.19196956056158,0.156779294946813,0,0.0313558589893626
"962","Paracou","T","N","PAR_T1-82",13.3690152197192,"Malvaceae","Sterculia",NA,"13.73",13.73,0.360984780280791,0.0270015984235205,0,0.00540031968470409
"964","Paracou","T","N","PAR_T1-84",16.5521140815571,"Myristicaceae","Iryanthera","hostmannii","17.059999999999999",17.06,0.507885918442884,0.0306840513508052,0,0.00613681027016104
"965","Paracou","T","N","PAR_T1-85",10.1859163578813,"Fabaceae","Inga",NA,"10.37",10.37,0.184083642118697,0.0180723693039422,1,0.00361447386078845
"966","Paracou","T","N","PAR_T1-86",15.7563393660976,"Arecaceae","Oenocarpus","bataua","16",16,0.243660633902362,0.0154642920694281,0,0.00309285841388563
"967","Paracou","T","N","PAR_T1-87",10.9816910733408,"Euphorbiaceae","Conceveiba","guianensis","11.05",11.05,0.0683089266592223,0.00622025571499179,0,0.00124405114299836
"968","Paracou","T","N","PAR_T1-88",14.6422547644544,"Myristicaceae","Iryanthera","hostmannii","15.05",15.05,0.407745235545629,0.0278471616636172,0,0.00556943233272343
"969","Paracou","T","N","PAR_T1-89",60.3197234318283,"Malvaceae","Sterculia",NA,"59.87",59.87,0,0,0,0
"970","Paracou","T","N","PAR_T1-90",10.8225361302489,"Arecaceae","Oenocarpus","bataua","10.93",10.93,0.107463869751117,0.00992963834518936,0,0.00198592766903787
"971","Paracou","T","N","PAR_T1-91",11.7774657888003,"Lecythidaceae","Eschweilera","sagotiana","12.49",12.49,0.712534211199745,0.0604997903604464,0,0.0120999580720893
"972","Paracou","T","N","PAR_T1-92",24.9873260654276,"Euphorbiaceae","Conceveiba","guianensis","25.55",25.55,0.56267393457243,0.0225183732384613,0,0.00450367464769226
"973","Paracou","T","N","PAR_T1-93",11.9366207318922,"Lecythidaceae","Lecythis","persistens","12.54",12.54,0.603379268107849,0.0505485833604268,0,0.0101097166720854
"974","Paracou","T","N","PAR_T1-94",35.8098621956765,"Apocynaceae","Couma","guianensis","37.450000000000003",37.45,1.64013780432355,0.0458012877950023,0,0.00916025755900047
"975","Paracou","T","N","PAR_T1-95",29.9211293012763,"Cardiopteridaceae","Dendrobangia","boliviana","30.53",30.53,0.608870698723678,0.0203491884478339,0,0.00406983768956679
"976","Paracou","T","N","PAR_T1-96",13.3690152197192,"Chrysobalanaceae","Licania","alba","13.68",13.68,0.310984780280791,0.0232616071692468,0,0.00465232143384937
"977","Paracou","T","N","PAR_T1-97",21.4859173174059,"Rubiaceae","Duroia","aquatica","21.72",21.72,0.234082682594128,0.0108947027551156,0,0.00217894055102312
"978","Paracou","T","N","PAR_T1-98",14.9605646506382,"Chrysobalanaceae","Licania","canescens","14.96",14.96,0,0,0,0
"979","Paracou","T","N","PAR_T1-99",14.8014097075463,"Chrysobalanaceae","Licania","alba","15.35",15.35,0.548590292453733,0.037063381346308,0,0.00741267626926161
"1000","Paracou","T","N","PAR_T1-120",12.4140855611678,"Annonaceae","Oxandra","asbeckii","12.77",12.77,0.355914438832164,0.0286702099061964,0,0.00573404198123928
"1001","Paracou","T","N","PAR_T1-121",15.7563393660976,"Lecythidaceae","Lecythis",NA,"15.54",15.54,0,0,0,0
"1002","Paracou","T","N","PAR_T1-122",15.278874536822,"Fabaceae","Eperua","falcata","15.37",15.37,0.0911254631780469,0.00596414761823165,1,0.00119282952364633
"1004","Paracou","T","N","PAR_T1-124",39.47042588679,"Arecaceae","Oenocarpus","bataua","39.83",39.83,0.359574113209952,0.00910996284259233,0,0.00182199256851847
"1005","Paracou","T","N","PAR_T1-125",27.374650211806,"Fabaceae","Eperua","falcata","29.44",29.44,2.065349788194,0.0754475316474827,1,0.0150895063294965
"1006","Paracou","T","N","PAR_T1-126",12.2549306180759,"Fabaceae","Inga",NA,"12.81",12.81,0.55506938192406,0.0452935556489676,1,0.00905871112979353
"1012","Paracou","T","N","PAR_T1-132",42.653524748628,"Fabaceae","Inga",NA,"42.93",42.93,0.276475251372048,0.0064818852135061,1,0.00129637704270122
"1016","Paracou","T","N","PAR_T1-136",40.7436654315252,"Fabaceae","Inga",NA,"41.03",41.03,0.286334568474793,0.00702770763116572,1,0.00140554152623314
"1087","Paracou","T","NP","PAR_T2-25",49.3380323584876,"Fabaceae","Eperua","falcata","51.36",51.36,2.02196764151245,0.0409819270217534,1,0.00819638540435069
"1114","Paracou","T","NP","PAR_T2-52",32.6267633338385,"Lecythidaceae","Eschweilera",NA,"34.99",34.99,2.36323666616146,0.072432458040067,0,0.0144864916080134
"1115","Paracou","T","NP","PAR_T2-53",18.4619733986599,"Burseraceae",NA,NA,"17.940000000000001",17.94,0,0,1,0
"1122","Paracou","T","NP","PAR_T2-60",11.1408460164327,"Fabaceae","Eperua","falcata","11.86",11.86,0.719153983567326,0.064551110616427,1,0.0129102221232854
"1135","Paracou","T","NP","PAR_T2-73",42.9718346348117,"Fabaceae","Eperua","falcata","43.45",43.45,0.478165365188261,0.0111274133220483,1,0.00222548266440966
"1143","Paracou","T","NP","PAR_T2-81",30.2394391874601,"Sapindaceae","Cupania",NA,"31.02",31.02,0.780560812539886,0.0258126748879514,0,0.00516253497759028
"1146","Paracou","T","NP","PAR_T2-84",50.4521169601308,"Rubiaceae",NA,NA,"52.28",52.28,1.82788303986918,0.0362300563386397,1,0.00724601126772794
"1147","Paracou","T","NP","PAR_T2-85",11.9366207318922,"Lecythidaceae","Gustavia",NA,"12.27",12.27,0.33337926810785,0.0279291162545803,0,0.00558582325091607
"1149","Paracou","T","NP","PAR_T2-87",10.663381187157,"Sapotaceae",NA,NA,"10.81",10.81,0.146618812843013,0.0137497488150945,1,0.0027499497630189
"1150","Paracou","T","NP","PAR_T2-88",10.1859163578813,"Lecythidaceae","Lecythis",NA,"10.54",10.54,0.354083642118697,0.034762080276138,0,0.0069524160552276
"1151","Paracou","T","NP","PAR_T2-89",23.7140865206924,"Lecythidaceae","Lecythis",NA,"24.2",24.2,0.485913479307595,0.0204904995553422,0,0.00409809991106844
"1152","Paracou","T","NP","PAR_T2-90",12.2549306180759,"Lecythidaceae","Eschweilera",NA,"12.41",12.41,0.15506938192406,0.0126536319753074,0,0.00253072639506148
"1153","Paracou","T","NP","PAR_T2-91",32.6267633338385,"Melastomataceae","Mouriri","crassifolia","32.619999999999997",32.62,0,0,0,0
"1154","Paracou","T","NP","PAR_T2-92",16.2338041953733,"Sapotaceae",NA,NA,"16.399999999999999",16.4,0.166195804626675,0.0102376376249531,1,0.00204752752499061
"1155","Paracou","T","NP","PAR_T2-93",39.47042588679,"Malvaceae","Catostemma","fragrans","39.65",39.65,0.179574113209952,0.004549586409962,0,0.000909917281992399
"1156","Paracou","T","NP","PAR_T2-94",24.9873260654276,"Fabaceae","Dipteryx","odorata","25.28",25.28,0.292673934572431,0.0117128953216556,1,0.00234257906433113
"1158","Paracou","T","NP","PAR_T2-96",11.7774657888003,"Myristicaceae","Iryanthera","hostmannii","11.94",11.94,0.162534211199745,0.0138004401043819,0,0.00276008802087638
"1159","Paracou","T","NP","PAR_T2-97",35.014087480217,"Hypericaceae","Vismia",NA,"34.65",34.65,0,0,0,0
"1161","Paracou","T","NP","PAR_T2-99",15.278874536822,"Burseraceae",NA,NA,"15.85",15.85,0.571125463178047,0.0373800741541296,1,0.00747601483082592
"1163","Paracou","T","NP","PAR_T2-101",32.7859182769304,"Myristicaceae","Iryanthera","hostmannii","33.08",33.08,0.29408172306956,0.00896975709466367,0,0.00179395141893273
"1167","Paracou","T","NP","PAR_T2-105",65.7309914969528,"Myristicaceae","Iryanthera","hostmannii","63.48",63.48,0,0,0,0
"1175","Paracou","T","NP","PAR_T2-113",42.3352148624442,"Arecaceae","Oenocarpus","bataua","42.47",42.47,0.134785137555838,0.00318375938314669,0,0.000636751876629338
"1182","Paracou","T","NP","PAR_T2-120",40.7436654315252,"Salicaceae","Laetia","procera","39.58",39.58,0,0,0,0
"1185","Paracou","T","NP","PAR_T2-123",10.5042262440651,"Fabaceae","Parkia",NA,"10.46",10.46,0,0,1,0
"1186","Paracou","T","NP","PAR_T2-124",13.5281701628111,"Fabaceae","Pterocarpus","officinalis","13.73",13.73,0.201829837188896,0.0149192266773614,1,0.00298384533547228
"1191","Paracou","T","NP","PAR_T2-129",36.9239467973197,"Fabaceae","Eperua","falcata","37.67",37.67,0.74605320268028,0.0202051315579957,1,0.00404102631159914
"1192","Paracou","T","NP","PAR_T2-130",12.7323954473516,"Sapotaceae","Pradosia","ptychandra","12.78",12.78,0.0476045526483713,0.00373885282193879,0,0.000747770564387759
"1194","Paracou","T","NP","PAR_T2-132",39.9478907160657,"Fabaceae","Pterocarpus","officinalis","41.69",41.69,1.74210928393427,0.0436095436506651,1,0.00872190873013303
"1265","Paracou","T","P","PAR_T3-28",51.0887367324984,"Fabaceae","Eperua","falcata","51.46",51.46,0.371263267501597,0.0072670277491013,1,0.00145340554982026
"1285","Paracou","T","P","PAR_T3-48",37.2422566835035,"Burseraceae",NA,NA,"37.380000000000003",37.38,0.13774331649649,0.00369857599304672,1,0.000739715198609344
"1286","Paracou","T","P","PAR_T3-49",49.3380323584876,"Annonaceae","Xylopia","nitida","50.12",50.12,0.781967641512445,0.0158491857930351,0,0.00316983715860701
"1290","Paracou","T","P","PAR_T3-53",10.3450713009732,"Euphorbiaceae","Conceveiba","guianensis","10.64",10.64,0.294928699026803,0.0285091025906277,0,0.00570182051812554
"1291","Paracou","T","P","PAR_T3-54",11.9366207318922,"Lecythidaceae","Eschweilera",NA,"11.95",11.95,0.0133792681078493,0.0011208589439474,0,0.00022417178878948
"1292","Paracou","T","P","PAR_T3-55",26.4197205532546,"Fabaceae","Eperua","falcata","26.53",26.53,0.110279446745373,0.00417413373177364,1,0.000834826746354727
"1294","Paracou","T","P","PAR_T3-57",10.1859163578813,"Lecythidaceae","Eschweilera",NA,"10.31",10.31,0.124083642118698,0.0121818830784615,0,0.0024363766156923
"1295","Paracou","T","P","PAR_T3-58",10.8225361302489,"Lecythidaceae","Lecythis",NA,"11.23",11.23,0.407463869751117,0.0376495735239229,0,0.00752991470478458
"1296","Paracou","T","P","PAR_T3-59",12.8915503904435,"Fabaceae","Eperua","falcata","14.89",14.89,1.99844960955648,0.155020113875358,1,0.0310040227750717
"1297","Paracou","T","P","PAR_T3-60",11.1408460164327,"Lauraceae",NA,NA,"11.36",11.36,0.219153983567326,0.0196712155651442,1,0.00393424311302885
"1298","Paracou","T","P","PAR_T3-61",12.5732405042597,"Lecythidaceae","Eschweilera",NA,"12.71",12.71,0.136759495740268,0.0108770285348423,0,0.00217540570696846
"1299","Paracou","T","P","PAR_T3-62",16.2338041953733,"Arecaceae","Oenocarpus","bataua","16.36",16.36,0.126195804626676,0.00777364338684347,0,0.00155472867736869
"1308","Paracou","T","P","PAR_T3-71",14.6422547644544,"Chrysobalanaceae","Licania","alba","14.37",14.37,0,0,0,0
"1309","Paracou","T","P","PAR_T3-72",28.3295798703574,"Malvaceae","Apeiba",NA,"29.57",29.57,1.24042012964263,0.0437853344567436,0,0.00875706689134873
"1315","Paracou","T","P","PAR_T3-78",42.0169049762604,"Myristicaceae","Iryanthera","hostmannii","43.38",43.38,1.36309502373963,0.0324415857024639,0,0.00648831714049278
"1328","Paracou","T","P","PAR_T3-91",17.5070437401085,"Fabaceae","Eperua","falcata","17.37",17.37,0,0,1,0
"1329","Paracou","T","P","PAR_T3-92",13.687325105903,"Sapotaceae","Chrysophyllum","sanguinolentum","13.71",13.71,0.0226748940970012,0.00165663443525734,0,0.000331326887051467
"1330","Paracou","T","P","PAR_T3-93",18.6211283417518,"Euphorbiaceae","Conceveiba","guianensis","18.3",18.3,0,0,0,0
"1332","Paracou","T","P","PAR_T3-95",13.8464800489949,"Lecythidaceae","Lecythis",NA,"14.12",14.12,0.273519951005104,0.0197537533031696,0,0.00395075066063391
"1333","Paracou","T","P","PAR_T3-96",22.9183118052329,"Fabaceae","Recordoxylon","speciosum","23.08",23.08,0.16168819476707,0.00705497840072809,1,0.00141099568014562
"1334","Paracou","T","P","PAR_T3-97",17.5070437401085,"Lauracea",NA,NA,"17.73",17.73,0.222956259891514,0.0127352317844916,1,0.00254704635689832
"1335","Paracou","T","P","PAR_T3-98",38.1971863420549,"Clusiaceae","Moronobea","coccinea","38.39",38.39,0.192813657945116,0.0050478497609346,0,0.00100956995218692
"1336","Paracou","T","P","PAR_T3-99",13.5281701628111,"Lecythidaceae","Gustavia",NA,"14.06",14.06,0.531829837188896,0.0393127696346469,0,0.00786255392692937
"1337","Paracou","T","P","PAR_T3-100",14.0056349920868,"Anacardiaceae","Tapirira",NA,"14.72",14.72,0.71436500791321,0.0510055422918581,0,0.0102011084583716
"1338","Paracou","T","P","PAR_T3-101",25.4647908947033,"Apocynaceae",NA,NA,"26.61",26.61,1.14520910529674,0.0449722564003049,1,0.00899445128006097
"1339","Paracou","T","P","PAR_T3-102",10.5042262440651,"Combretaceae",NA,NA,"10.79",10.79,0.285773755934907,0.0272055979464808,1,0.00544111958929615
"1340","Paracou","T","P","PAR_T3-103",19.8943678864869,"Fabaceae","Eperua","falcata","20.309999999999999",20.31,0.41563211351308,0.0208919487105391,1,0.00417838974210781
"1342","Paracou","T","P","PAR_T3-105",11.3000009595246,"Lecythidaceae","Lecythis",NA,"11.81",11.81,0.509999040475432,0.0451326546167735,0,0.0090265309233547
"1343","Paracou","T","P","PAR_T3-106",12.4140855611678,"Chrysobalanaceae","Licania","heteromorpha","12.8",12.8,0.385914438832165,0.0310868196397271,0,0.00621736392794542
"1344","Paracou","T","P","PAR_T3-107",20.0535228295788,"Lecythidaceae","Lecythis",NA,"21.42",21.42,1.36647717042119,0.0681415022205297,0,0.0136283004441059
"1345","Paracou","T","P","PAR_T3-108",26.4197205532546,"Lecythidaceae","Eschweilera",NA,"28.34",28.34,1.92027944674537,0.0726835638883703,0,0.0145367127776741
"1369","Paracou","T","P","PAR_T3-132",42.1760599193523,"Lecythidaceae","Eschweilera",NA,"43.06",43.06,0.88394008064774,0.0209583370835963,0,0.00419166741671926
"1371","Paracou","T","P","PAR_T3-134",18.302818455568,"Arecaceae","Oenocarpus","Bataua","19.489999999999998",19.49,1.18718154443203,0.064863318582001,0,0.0129726637164002
"1373","Paracou","T","P","PAR_T3-136",54.1126806512444,"Fabaceae","Eperua","falcata","56.37",56.37,2.25731934875558,0.0417151640168037,1,0.00834303280336074
"1375","Paracou","T","P","PAR_T3-138",11.7774657888003,"Myristicaceae","Iryanthera","hostmannii","12",12,0.222534211199745,0.0188949146777708,0,0.00377898293555416
"1408","Paracou","T","P","PAR_T3-171",46.7915532690172,"Lecythidaceae","Eschweilera",NA,"47.68",47.68,0.888446730982771,0.0189873314500772,0,0.00379746629001543
"1414","Paracou","T","P","PAR_T3-177",41.3802852038928,"Lecythidaceae","Eschweilera",NA,"42.35",42.35,0.969714796107212,0.0234342221502134,0,0.00468684443004268
"1463","Paracou","T","C","PAR_T4-2759",11.1408460164327,"Chrysobalanaceae","Licania","micrantha","11.33",11.33,0.189153983567326,0.0169784218620673,0,0.00339568437241347
"1521","Nouragues","B","N","NOU-B1-5",25.65,"Fabaceae","Vouacapoua","americana","28.849999999999998",28.85,3.2,0.124756335282651,1,0.0311890838206628
"1522","Nouragues","B","N","NOU-B1-15",22.2,"Chrysobalanaceae","Licania",NA,"25.22",25.22,3.02,0.136036036036036,0,0.034009009009009
"1524","Nouragues","B","N","NOU-B1-20",18.7,"Fabaceae","Eperua","falcata","19.8",19.8,1.1,0.0588235294117648,1,0.0147058823529412
"1526","Nouragues","B","N","NOU-B1-48",21,"Fabaceae","Dicorynia","guianensis","22.93",22.93,1.93,0.0919047619047619,1,0.0229761904761905
"1527","Nouragues","B","N","NOU-B1-50",15.2,"Lecythidaceae","Eschweilera","coriacea","15.84",15.84,0.640000000000001,0.0421052631578948,0,0.0105263157894737
"1529","Nouragues","B","N","NOU-B1-53",3.35,"Lecythidaceae","Eschweilera",NA,"3.56",3.56,0.21,0.0626865671641791,0,0.0156716417910448
"1530","Nouragues","B","N","NOU-B1-59",20.35,"Fabaceae","Eperua","falcata","21.07",21.07,0.719999999999999,0.0353808353808353,1,0.00884520884520883
"1531","Nouragues","B","N","NOU-B1-60",12.8,"Lecythidaceae","Eschweilera",NA,"12.9",12.9,0.0999999999999996,0.00781249999999997,0,0.00195312499999999
"1532","Nouragues","B","N","NOU-B1-66",14.35,"Lecythidaceae","Lecythis","poiteaui","15.65",15.65,1.3,0.0905923344947736,0,0.0226480836236934
"1533","Nouragues","B","N","NOU-B1-67",13.4,"Chrysobalanaceae","Licania","alba","14.88",14.88,1.48,0.11044776119403,0,0.0276119402985075
"1534","Nouragues","B","N","NOU-B1-73",7.1,"Chrysobalanaceae","Licania","alba","8.98",8.98,1.88,0.264788732394366,0,0.0661971830985916
"1535","Nouragues","B","N","NOU-B1-74",9.35,"Lecythidaceae","Lecythis",NA,"10.65",10.65,1.3,0.13903743315508,0,0.0347593582887701
"1536","Nouragues","B","N","NOU-B1-75",5.3,"Lecythidaceae","Eschweilera",NA,"5.3",5.3,0,0,0,0
"1537","Nouragues","B","N","NOU-B1-76",3.15,"Lecythidaceae","Eschweilera","coriacea","3.15",3.15,0,0,0,0
"1538","Nouragues","B","N","NOU-B1-77",4.95,"Chrysobalanaceae","Licania","canescens","4.95",4.95,0,0,0,0
"1540","Nouragues","B","N","NOU-B1-79",5.05,"Chrysobalanaceae","Licania","membranacea","5.3999999999999995",5.4,0.35,0.0693069306930692,0,0.0173267326732673
"1542","Nouragues","B","N","NOU-B1-81",3.75,"Lecythidaceae","Lecythis","persistens","5.04",5.04,1.29,0.344,0,0.086
"1544","Nouragues","B","N","NOU-B1-85",4.3,"Fabaceae","Paloue",NA,"6.02",6.02,1.72,0.4,1,0.1
"1547","Nouragues","B","N","NOU-B1-94",18.1,"Fabaceae","Alexa",NA,"21.290000000000003",21.29,3.19,0.176243093922652,1,0.044060773480663
"1548","Nouragues","B","N","NOU-B1-99",11.5,"Fabaceae","Inga",NA,"11.69",11.69,0.19,0.0165217391304347,1,0.00413043478260868
"1551","Nouragues","B","N","NOU-B1-104",18,"Fabaceae","Vouacapoua","americana","21.5",21.5,3.5,0.194444444444444,1,0.0486111111111111
"1552","Nouragues","B","N","NOU-B1-105",18.8,"Fabaceae","Eperua","falcata","19.75",19.75,0.949999999999999,0.050531914893617,1,0.0126329787234042
"1553","Nouragues","B","N","NOU-B1-107",3.65,"Lecythidaceae","Lecythis","idatimon","3.94",3.94,0.29,0.0794520547945206,0,0.0198630136986301
"1558","Nouragues","B","NP","NOU-B2-9",19.4,"Fabaceae","Eperua","falcata","20.7",20.7,1.3,0.0670103092783506,1,0.0167525773195876
"1559","Nouragues","B","NP","NOU-B2-34",5.7,"Lecythidaceae","Eschweilera",NA,"5.72",5.72,0.0199999999999996,0.00350877192982449,0,0.000877192982456122
"1560","Nouragues","B","NP","NOU-B2-35",18,"Fabaceae","Eperua","falcata","19.579999999999998",19.58,1.58,0.0877777777777777,1,0.0219444444444444
"1561","Nouragues","B","NP","NOU-B2-37",4,"Annonaceae","Oxandra","asbeckii","3.95",3.95,0,0,0,0
"1563","Nouragues","B","NP","NOU-B2-45",12.65,"Lecythidaceae","Eschweilera",NA,"12.75",12.75,0.0999999999999996,0.00790513833992092,0,0.00197628458498023
"1567","Nouragues","B","NP","NOU-B2-60",3.6,"Fabaceae","Alexa",NA,"4.9000000000000004",4.9,1.3,0.361111111111111,1,0.0902777777777778
"1568","Nouragues","B","NP","NOU-B2-61",5.45,"Fabaceae","Inga",NA,"7.99",7.99,2.54,0.46605504587156,1,0.11651376146789
"1569","Nouragues","B","NP","NOU-B2-62",21.1,"Fabaceae","Dicorynia","guianensis","25.79",25.79,4.69,0.222274881516588,1,0.0555687203791469
"1570","Nouragues","B","NP","NOU-B2-64",12.2,"Burseraceae",NA,NA,"12.299999999999999",12.3,0.0999999999999996,0.00819672131147538,1,0.00204918032786885
"1573","Nouragues","B","NP","NOU-B2-67",4.1,"Lecythidaceae","Eschweilera","coriacea","4.54",4.54,0.44,0.107317073170732,0,0.026829268292683
"1574","Nouragues","B","NP","NOU-B2-68",6.3,"Lecythidaceae","Eschweilera",NA,"7.13",7.13,0.83,0.131746031746032,0,0.0329365079365079
"1575","Nouragues","B","NP","NOU-B2-69",20.6,"Fabaceae","Eperua","falcata","21.01",21.01,0.41,0.0199029126213592,1,0.00497572815533981
"1576","Nouragues","B","NP","NOU-B2-83",13,"Lecythidaceae","Eschweilera","decolorans","13.09",13.09,0.0899999999999999,0.00692307692307691,0,0.00173076923076923
"1577","Nouragues","B","NP","NOU-B2-84",6.6,"Myristicaceae","Iryanthera","sagotiana","6.77",6.77,0.17,0.0257575757575757,0,0.00643939393939394
"1578","Nouragues","B","NP","NOU-B2-88",3.7,"Annonaceae","Duguetia","surinamensis","3.71",3.71,0.00999999999999979,0.00270270270270265,0,0.000675675675675661
"1579","Nouragues","B","NP","NOU-B2-89",10.85,"Fabaceae","Paloue",NA,"12.51",12.51,1.66,0.152995391705069,1,0.0382488479262673
"1580","Nouragues","B","NP","NOU-B2-90",3.5,"Rubiaceae","Duroia","eriopila","3.51",3.51,0.00999999999999979,0.0028571428571428,0,0.000714285714285699
"1581","Nouragues","B","NP","NOU-B2-93",19.8,"Chrysobalanaceae","Licania","alba","21.09",21.09,1.29,0.0651515151515151,0,0.0162878787878788
"1582","Nouragues","B","NP","NOU-B2-107",13,"Meliaceae","Carapa","surinamensis","12.95",12.95,0,0,0,0
"1583","Nouragues","B","NP","NOU-B2-119",16.5,"Fabaceae","Eperua","falcata","19.18",19.18,2.68,0.162424242424242,1,0.0406060606060606
"1585","Nouragues","B","P","NOU-B3-8",12.8,"Fabaceae","Dyplotropis","purpurea","17.880000000000003",17.88,5.08,0.396875,0,0.09921875
"1586","Nouragues","B","P","NOU-B3-15",20.7,"Fabaceae","Alexa",NA,"24.63",24.63,3.93,0.189855072463768,1,0.047463768115942
"1587","Nouragues","B","P","NOU-B3-32",15,"Fabaceae","Eperua","falcata","18.600000000000001",18.6,3.6,0.24,1,0.06
"1588","Nouragues","B","P","NOU-B3-33",21.15,"Fabaceae","Dicorynia","guianensis","25.909999999999997",25.91,4.76,0.225059101654846,1,0.0562647754137116
"1590","Nouragues","B","P","NOU-B3-47",13.35,"Melastomataceae","Loreya","arborescens","13.75",13.75,0.4,0.0299625468164794,0,0.00749063670411986
"1591","Nouragues","B","P","NOU-B3-54",32,"Fabaceae","Alexa","wachenheimii","38.799999999999997",38.8,6.8,0.2125,1,0.053125
"1592","Nouragues","B","P","NOU-B3-55",7,"Lecythidaceae","Lecythis",NA,"8.25",8.25,1.25,0.178571428571429,0,0.0446428571428571
"1593","Nouragues","B","P","NOU-B3-56",8.2,"Lecythidaceae","Lecythis","persistens","10.199999999999999",10.2,2,0.24390243902439,0,0.0609756097560976
"1595","Nouragues","B","P","NOU-B3-57",3.65,"Sapotaceae","Pouteria","decorticans","3.65",3.65,0,0,0,0
"1596","Nouragues","B","P","NOU-B3-58",13.4,"Lecythidaceae","Lecythis",NA,"16",16,2.6,0.194029850746269,0,0.0485074626865672
"1597","Nouragues","B","P","NOU-B3-59",8.05,"Fabaceae","Inga","cayennensis","9.4",9.4,1.35,0.167701863354037,1,0.0419254658385093
"1599","Nouragues","B","P","NOU-B3-61",3.7,"Lecythidaceae","Eschweilera",NA,"3.6900000000000004",3.69,0,0,0,0
"1600","Nouragues","B","P","NOU-B3-62",3.95,"Urticaceae","Pourouma","melinonii","4.4800000000000004",4.48,0.53,0.134177215189873,0,0.0335443037974684
"1603","Nouragues","B","P","NOU-B3-65",4.45,"Lecythidaceae","Eschweilera",NA,"4.45",4.45,0,0,0,0
"1604","Nouragues","B","P","NOU-B3-77",20.4,"Fabaceae","Vouacapoua","americana","22.799999999999997",22.8,2.4,0.117647058823529,1,0.0294117647058823
"1605","Nouragues","B","P","NOU-B3-86",8,"Chrysobalanaceae",NA,NA,"11.33",11.33,3.33,0.41625,1,0.1040625
"1606","Nouragues","B","P","NOU-B3-87",5.4,"Sapotaceae",NA,NA,"5.6300000000000008",5.63,0.23,0.0425925925925927,1,0.0106481481481482
"1607","Nouragues","B","P","NOU-B3-88",3.7,"Celastraceae","Maytenus","obovata","4.7",4.7,1,0.27027027027027,0,0.0675675675675676
"1608","Nouragues","B","P","NOU-B3-89",4.5,"Fabaceae","Bocoa","prouacensis","4.4800000000000004",4.48,0,0,1,0
"1609","Nouragues","B","P","NOU-B3-90",7.5,"Lecythidaceae","Lecythis",NA,"8.1199999999999992",8.12,0.619999999999999,0.0826666666666666,0,0.0206666666666666
"1610","Nouragues","B","P","NOU-B3-91",5.6,"Chrysobalanaceae","Licania","canescens","5.6199999999999992",5.62,0.0199999999999996,0.0035714285714285,0,0.000892857142857124
"1613","Nouragues","B","P","NOU-B3-94",5.6,"Lecythidaceae","Eschweilera",NA,"7.8999999999999995",7.9,2.3,0.410714285714286,0,0.102678571428571
"1614","Nouragues","B","P","NOU-B3-95",4.65,"Fabaceae","Inga",NA,"6.6300000000000008",6.63,1.98,0.425806451612903,1,0.106451612903226
"1618","Nouragues","B","C","NOU-B4-198",31.7,"Fabaceae","Eperua","falcata","33.46",33.46,1.76,0.0555205047318613,1,0.0138801261829653
"1619","Nouragues","B","C","NOU-B4-201",16.5,"Fabaceae","Inga","sarmentosa","19.46",19.46,2.96,0.179393939393939,1,0.0448484848484849
"1620","Nouragues","B","C","NOU-B4-204",15.8,"Lecythidaceae","Gustavia","hexapetala","15.8",15.8,0,0,0,0
"1622","Nouragues","B","C","NOU-B4-247",31.6,"Burseraceae","Protium","opacum","34.25",34.25,2.65,0.0838607594936708,0,0.0209651898734177
"1623","Nouragues","B","C","NOU-B4-247.2",13.2,"Boraginaceae","Cordia","sagotii","13.25",13.25,0.0500000000000007,0.00378787878787884,0,0.00094696969696971
"1624","Nouragues","B","C","NOU-B4-248",24.5,"Lecythidaceae","Eschweilera","micrantha","25.98",25.98,1.48,0.0604081632653061,0,0.0151020408163265
"1627","Nouragues","B","C","NOU-B4-253",12.2,"Fabaceae","Bocoa","prouacensis","12.28",12.28,0.0800000000000001,0.00655737704918033,1,0.00163934426229508
"1628","Nouragues","B","C","NOU-B4-254",18,"Rubiaceae","Duroia","aquatica","18.809999999999999",18.81,0.809999999999999,0.0449999999999999,0,0.01125
"1630","Nouragues","B","C","NOU-B4-256",70.6,"Moraceae","Ficus","indet","74.8",74.8,4.2,0.0594900849858357,0,0.0148725212464589
"1631","Nouragues","B","C","NOU-B4-260",78.9,"Fabaceae","Dicorynia","guianensis","79.64",79.64,0.739999999999995,0.00937896070975912,1,0.00234474017743978
"1632","Nouragues","B","C","NOU-B4-289",43.5,"Urticaceae","Cecropia","sciadophylla","44.81",44.81,1.31,0.0301149425287357,0,0.00752873563218392
"1633","Nouragues","B","C","NOU-B4-298",13.9,"Lecythidaceae","Lecythis","poiteaui","13.97",13.97,0.0700000000000003,0.0050359712230216,0,0.0012589928057554
"1634","Nouragues","B","C","NOU-B4-300",45.4,"Ixonanthaceae","Cyrillopsis","paraensis","47.5",47.5,2.1,0.0462555066079295,0,0.0115638766519824
"1635","Nouragues","B","C","NOU-B4-302",16.3,"Sapotaceae","Micropholis","egensis","16.64",16.64,0.34,0.0208588957055215,0,0.00521472392638037
"1636","Nouragues","B","C","NOU-B4-303",20.7,"Fabaceae","Dicorynia","guianensis","22.349999999999998",22.35,1.65,0.0797101449275362,1,0.019927536231884
"1637","Nouragues","B","C","NOU-B4-303.1",12,"Burseraceae","Protium","decandrum","12.29",12.29,0.289999999999999,0.0241666666666666,0,0.00604166666666665
"1638","Nouragues","B","C","NOU-B4-304",48.5,"Lecythidaceae","Eschweilera","coriacea","48.9",48.9,0.399999999999999,0.00824742268041234,0,0.00206185567010309
"1641","Nouragues","B","C","NOU-B4-310",51.6,"Fabaceae","Eperua","falcata","51.870000000000005",51.87,0.270000000000003,0.00523255813953494,1,0.00130813953488374
"1643","Nouragues","B","C","NOU-B4-348",53.3,"Vochysiaceae","Qualea","mori-boomii","56.87",56.87,3.57,0.0669793621013133,0,0.0167448405253283
"1645","Nouragues","S","N","NOU-S1-28",15.15,"Sapotaceae",NA,NA,"17.41",17.41,2.26,0.149174917491749,1,0.0372937293729373
"1646","Nouragues","S","N","NOU-S1-31",15.9,"Chrysobalanaceae","Licania","membranacea","17.21",17.21,1.31,0.0823899371069183,0,0.0205974842767296
"1647","Nouragues","S","N","NOU-S1-34",18,"Myristicaceae","Virola","michelii","18.03",18.03,0.0300000000000011,0.00166666666666673,0,0.000416666666666682
"1649","Nouragues","S","N","NOU-S1-54",15.1,"Chrysobalanaceae","Licania",NA,"15.41",15.41,0.31,0.0205298013245033,0,0.00513245033112584
"1650","Nouragues","S","N","NOU-S1-62",6.5,"Lauraceae",NA,NA,"10.45",10.45,3.95,0.607692307692308,1,0.151923076923077
"1651","Nouragues","S","N","NOU-S1-63",4.35,"Lecythidaceae","Gustavia","hexapetala","4.3499999999999996",4.35,0,0,0,0
"1652","Nouragues","S","N","NOU-S1-64",5.25,"Annonaceae",NA,NA,"5.25",5.25,0,0,1,0
"1654","Nouragues","S","N","NOU-S1-66",15.7,"Lecythidaceae","Lecythis","poiteaui","16.36",16.36,0.66,0.0420382165605096,0,0.0105095541401274
"1656","Nouragues","S","N","NOU-S1-69",3.2,"Annonaceae",NA,NA,"3.48",3.48,0.28,0.0874999999999999,1,0.021875
"1657","Nouragues","S","N","NOU-S1-70",6.05,"Euphorbiaceae","Conceveiba","guianensis","7.1899999999999995",7.19,1.14,0.188429752066116,0,0.0471074380165289
"1658","Nouragues","S","N","NOU-S1-71",15.4,"Chrysobalanaceae","Licania","alba","15.57",15.57,0.17,0.011038961038961,0,0.00275974025974026
"1659","Nouragues","S","N","NOU-S1-72",6.1,"Sapotaceae","Pouteria","benai","6.18",6.18,0.0800000000000001,0.0131147540983607,0,0.00327868852459017
"1661","Nouragues","S","N","NOU-S1-75",11.25,"Fabaceae","Inga",NA,"14.16",14.16,2.91,0.258666666666667,1,0.0646666666666667
"1662","Nouragues","S","N","NOU-S1-95",4.1,"Burseraceae",NA,NA,"5.2799999999999994",5.28,1.18,0.28780487804878,1,0.0719512195121951
"1665","Nouragues","S","N","NOU-S1-100",5.05,"Burseraceae","Protium","decandrum","5.71",5.71,0.66,0.130693069306931,0,0.0326732673267327
"1669","Nouragues","S","N","NOU-S1-104",5.35,"Annonaceae",NA,NA,"5.4899999999999993",5.49,0.14,0.0261682242990654,1,0.00654205607476634
"1670","Nouragues","S","N","NOU-S1-115",19,"Fabaceae","Vouacapoua","americana","20.91",20.91,1.91,0.100526315789474,1,0.0251315789473684
"1671","Nouragues","S","N","NOU-S1-122",16.15,"Fabaceae","Inga",NA,"16.229999999999997",16.23,0.0799999999999983,0.00495356037151692,1,0.00123839009287923
"1672","Nouragues","S","N","NOU-S1-125",12.85,"Moraceae",NA,NA,"12.91",12.91,0.0600000000000005,0.00466926070038914,1,0.00116731517509729
"1673","Nouragues","S","NP","NOU-S2-15",14.05,"Sapotaceae","Chrysophyllum","eximium","19.07",19.07,5.02,0.35729537366548,0,0.0893238434163701
"1675","Nouragues","S","NP","NOU-S2-38",14.6,"Lecythidaceae","Lecythis",NA,"15.6",15.6,1,0.0684931506849315,0,0.0171232876712329
"1676","Nouragues","S","NP","NOU-S2-41",3.7,"Sapindaceae","Talisia",NA,"3.5100000000000002",3.51,0,0,0,0
"1679","Nouragues","S","NP","NOU-S2-61",3.4,"Fabaceae","Andira","coriacea","3.4099999999999997",3.41,0.00999999999999979,0.00294117647058817,1,0.000735294117647043
"1680","Nouragues","S","NP","NOU-S2-62",4,"Burseraceae","Protium",NA,"4.8899999999999997",4.89,0.89,0.2225,0,0.055625
"1681","Nouragues","S","NP","NOU-S2-64",8.25,"Lauraceae","Aniba","rosaeodora","9.4",9.4,1.15,0.139393939393939,0,0.0348484848484849
"1682","Nouragues","S","NP","NOU-S2-65",15.15,"Malvaceae","Sterculia","speciosa","17.77",17.77,2.62,0.172937293729373,0,0.0432343234323432
"1683","Nouragues","S","NP","NOU-S2-66",10.25,"Chrysobalanaceae","Hirtella","bicornis","13.27",13.27,3.02,0.294634146341463,0,0.0736585365853658
"1684","Nouragues","S","NP","NOU-S2-67",4.5,"Lauraceae",NA,NA,"4.96",4.96,0.46,0.102222222222222,1,0.0255555555555556
"1685","Nouragues","S","NP","NOU-S2-69",3.5,"Chrysobalanaceae","Licania","membranacea","3.8",3.8,0.3,0.0857142857142857,0,0.0214285714285714
"1686","Nouragues","S","NP","NOU-S2-73",12.9,"Melastomataceae","Mouriri","crassifolia","13.56",13.56,0.66,0.0511627906976744,0,0.0127906976744186
"1688","Nouragues","S","NP","NOU-S2-92",4.6,"Vochysiaceae","Qualea","rosea","6.27",6.27,1.67,0.36304347826087,0,0.0907608695652174
"1689","Nouragues","S","NP","NOU-S2-93",10.95,"Chrysobalanaceae","Couepia","caryophylloides","13.799999999999999",13.8,2.85,0.26027397260274,0,0.0650684931506849
"1690","Nouragues","S","NP","NOU-S2-96",3.65,"Chrysobalanaceae","Licania","membranacea","3.96",3.96,0.31,0.0849315068493151,0,0.0212328767123288
"1691","Nouragues","S","NP","NOU-S2-100",4.5,"Salicaceae","Laetia","procera","4.43",4.43,0,0,0,0
"1692","Nouragues","S","NP","NOU-S2-101",5.55,"Malvaceae","Sterculia","speciosa","6.01",6.01,0.46,0.0828828828828829,0,0.0207207207207207
"1693","Nouragues","S","NP","NOU-S2-102",3.85,"Sapotaceae",NA,NA,"3.8000000000000003",3.8,0,0,1,0
"1694","Nouragues","S","NP","NOU-S2-105",3.25,"Sapindaceae","Talisia",NA,"3.25",3.25,0,0,0,0
"1695","Nouragues","S","NP","NOU-S2-107",18.1,"Fabaceae","Inga",NA,"18.600000000000001",18.6,0.5,0.0276243093922652,1,0.0069060773480663
"1696","Nouragues","S","NP","NOU-S2-114",15.25,"Sapotaceae","Chrysophyllum","prieurii","15.38",15.38,0.130000000000001,0.00852459016393448,0,0.00213114754098362
"1698","Nouragues","S","NP","NOU-S2-124",14.05,"Chrysobalanaceae","Couepia","caryophylloides","16.97",16.97,2.92,0.207829181494662,0,0.0519572953736654
"1699","Nouragues","S","NP","NOU-S2-132",22.4,"Fabaceae","Albizia","pedicellaris","23.099999999999998",23.1,0.699999999999999,0.03125,1,0.00781249999999999
"1700","Nouragues","S","NP","NOU-S2-135",40.4,"Lecythidaceae","Corytophora",NA,"47.71",47.71,7.31,0.180940594059406,0,0.0452351485148515
"1701","Nouragues","S","P","NOU-S3-9",18.7,"Fabaceae","Vouacapoua","americana","21.02",21.02,2.32,0.124064171122995,1,0.0310160427807487
"1703","Nouragues","S","P","NOU-S3-55",7.05,"Sapotaceae","Manilkara","bidentata","7.4399999999999995",7.44,0.39,0.0553191489361702,0,0.0138297872340425
"1704","Nouragues","S","P","NOU-S3-56",6.6,"Sapotaceae",NA,NA,"6.6999999999999993",6.7,0.0999999999999996,0.0151515151515151,1,0.00378787878787877
"1705","Nouragues","S","P","NOU-S3-57",6.55,"Urticaceae","Cecropia","obtusa","7.97",7.97,1.42,0.216793893129771,0,0.0541984732824427
"1706","Nouragues","S","P","NOU-S3-58",5.5,"Myrtaceae","Eugenia",NA,"5.92",5.92,0.42,0.0763636363636364,0,0.0190909090909091
"1707","Nouragues","S","P","NOU-S3-59",6.55,"Fabaceae","Elizabetha","princeps","7.84",7.84,1.29,0.196946564885496,1,0.049236641221374
"1708","Nouragues","S","P","NOU-S3-69",4.1,"Fabaceae","Elizabetha","princeps","5.2899999999999991",5.29,1.19,0.290243902439024,1,0.0725609756097561
"1709","Nouragues","S","P","NOU-S3-70",8.45,"Annonaceae",NA,NA,"9.42",9.42,0.970000000000001,0.114792899408284,1,0.028698224852071
"1710","Nouragues","S","P","NOU-S3-71",4.85,"Sapotaceae","Pouteria","retinervis","6.0299999999999994",6.03,1.18,0.243298969072165,0,0.0608247422680412
"1711","Nouragues","S","P","NOU-S3-72",4.7,"Sapotaceae","Micropholis","venulosa","4.75",4.75,0.0499999999999998,0.0106382978723404,0,0.0026595744680851
"1713","Nouragues","S","P","NOU-S3-74",4,"Myrtaceae","Myrcia","splendens","4.45",4.45,0.45,0.1125,0,0.028125
"1714","Nouragues","S","P","NOU-S3-75",3.6,"Myrtaceae","Tetragastris",NA,"5.1400000000000006",5.14,1.54,0.427777777777778,0,0.106944444444444
"1715","Nouragues","S","P","NOU-S3-76",3.55,"Sapotaceae",NA,NA,"5.64",5.64,2.09,0.588732394366197,1,0.147183098591549
"1716","Nouragues","S","P","NOU-S3-77",3.25,"Myrtaceae",NA,NA,"3.25",3.25,0,0,1,0
"1717","Nouragues","S","P","NOU-S3-78",4.95,"Burseraceae","Tetragastris",NA,"5.36",5.36,0.41,0.0828282828282828,0,0.0207070707070707
"1718","Nouragues","S","P","NOU-S3-79",4.1,"Sapotaceae",NA,NA,"4.0999999999999996",4.1,0,0,1,0
"1719","Nouragues","S","P","NOU-S3-80",3.5,"Myrtaceae",NA,NA,"4.2",4.2,0.7,0.2,1,0.05
"1720","Nouragues","S","P","NOU-S3-97",12.6,"Fabaceae","Elizabetha","princeps","12.75",12.75,0.15,0.0119047619047619,1,0.00297619047619048
"1722","Nouragues","S","P","NOU-S3-103",3.55,"Myrtaceae",NA,NA,"3.55",3.55,0,0,1,0
"1724","Nouragues","S","C","NOU-S4-14",47.1,"Chrysobalanaceae","Couepia","guianensis","50.08",50.08,2.98,0.0632696390658173,0,0.0158174097664543
"1726","Nouragues","S","C","NOU-S4-20",20.5,"Rubiaceae","Capirona","decorticans","21.31",21.31,0.809999999999999,0.0395121951219512,0,0.00987804878048779
"1728","Nouragues","S","C","NOU-S4-28",11,"Annonaceae","Oxandra","asbeckii","11",11,0,0,0,0
"1729","Nouragues","S","C","NOU-S4-28.1",11.2,"Indet.","Indet.Indet.","indet","11.2",11.2,0,0,0,0
"1730","Nouragues","S","C","NOU-S4-35",50.7,"Fabaceae","Dicorynia","guianensis","56.57",56.57,5.87,0.11577909270217,1,0.0289447731755424
"1731","Nouragues","S","C","NOU-S4-38",75.6,"Sapotaceae","Manilkara","huberi","79.94",79.94,4.34,0.0574074074074075,0,0.0143518518518519
"1733","Nouragues","S","C","NOU-S4-70",25.8,"Rubiaceae","Capirona","decorticans","26.16",26.16,0.359999999999999,0.013953488372093,0,0.00348837209302325
"1735","Nouragues","S","C","NOU-S4-73",21.5,"Fabaceae","Vouacapoua","americana","22.11",22.11,0.609999999999999,0.0283720930232558,1,0.00709302325581395
"1736","Nouragues","S","C","NOU-S4-74",24,"Fabaceae","Inga","gracilifolia","24.93",24.93,0.93,0.03875,1,0.0096875
"1737","Nouragues","S","C","NOU-S4-75",13,"Rhizophoraceae","Cassipourea","guianensis","13",13,0,0,0,0
"1738","Nouragues","S","C","NOU-S4-76",55.8,"Chrysobalanaceae","Couepia","caryophylloides","56.04",56.04,0.240000000000002,0.00430107526881724,0,0.00107526881720431
"1739","Nouragues","S","C","NOU-S4-77",20,"Sapotaceae","Pouteria","benai","20.170000000000002",20.17,0.170000000000002,0.00850000000000009,0,0.00212500000000002
"1740","Nouragues","S","C","NOU-S4-79",49.6,"Chrysobalanaceae","Licania","alba","50.52",50.52,0.920000000000002,0.0185483870967742,0,0.00463709677419356
"1741","Nouragues","S","C","NOU-S4-80",66.5,"Fabaceae","Dicorynia","guianensis","71.56",71.56,5.06,0.0760902255639098,1,0.0190225563909775
"1743","Nouragues","S","C","NOU-S4-82",11.8,"Olacaceae","Heisteria","barbata","11.8",11.8,0,0,0,0
"1744","Nouragues","S","C","NOU-S4-83",24.5,"Burseraceae","Protium","guianense","26.55",26.55,2.05,0.0836734693877551,0,0.0209183673469388
"1745","Nouragues","S","C","NOU-S4-84",17.4,"Sapotaceae","Manilkara","bidentata","17.439999999999998",17.44,0.0399999999999991,0.0022988505747126,0,0.000574712643678149
"1747","Nouragues","S","C","NOU-S4-87",101.4,"Moraceae","Brosimum","parinarioides","103.49000000000001",103.49,2.09,0.0206114398422091,0,0.00515285996055228
"1749","Nouragues","S","C","NOU-S4-140",44.6,"Sapotaceae","Chrysophyllum","sanguinolentum","45.33",45.33,0.729999999999997,0.0163677130044842,0,0.00409192825112106
"1750","Nouragues","S","C","NOU-S4-142",93.4,"Sapotaceae","Manilkara","huberi","95.800000000000011",95.8,2.40000000000001,0.0256959314775161,0,0.00642398286937903
"1752","Nouragues","S","C","NOU-S4-146",13.1,"Moraceae","Maquira","calophylla","13.42",13.42,0.32,0.0244274809160306,0,0.00610687022900764
"1754","Nouragues","S","C","NOU-S4-196",39.2,"Myristicaceae","Virola","michelii","46.6",46.6,7.4,0.188775510204082,0,0.0471938775510204
"1755","Nouragues","S","C","NOU-S4-204",62.6,"Anacardiaceae","Tapirira","guianensis","69.72",69.72,7.12,0.113738019169329,0,0.0284345047923323
"1756","Nouragues","S","C","NOU-S4-205",52.2,"Chrysobalanaceae","Licania","alba","52.39",52.39,0.189999999999998,0.00363984674329498,0,0.000909961685823744
"1758","Nouragues","S","C","NOU-S4-561",10.5,"Chrysobalanaceae","Licania","membranacea","10.73",10.73,0.23,0.0219047619047619,0,0.00547619047619049
"1761","Nouragues","S","C","NOU-S4-1046",11,"Ochnaceae","Lacunaria","indet","11.62",11.62,0.619999999999999,0.0563636363636363,0,0.0140909090909091
"1763","Nouragues","T","N","NOU-T1-17",19.8,"Sapotaceae",NA,NA,"26.759999999999998",26.76,6.96,0.351515151515151,1,0.0878787878787878
"1764","Nouragues","T","N","NOU-T1-18",19,"Chrysobalanaceae","Licania",NA,"22.18",22.18,3.18,0.167368421052632,0,0.0418421052631579
"1766","Nouragues","T","N","NOU-T1-32",4.25,"Lecythidaceae","Lecythis","persistens","4.32",4.32,0.0700000000000003,0.0164705882352942,0,0.00411764705882355
"1767","Nouragues","T","N","NOU-T1-33",5.5,"Chrysobalanaceae","Licania","membranacea","5.9",5.9,0.4,0.0727272727272728,0,0.0181818181818182
"1771","Nouragues","T","N","NOU-T1-50",13.9,"Sapotaceae","Chrysophyllum","argenteum","16.77",16.77,2.87,0.206474820143885,0,0.0516187050359712
"1772","Nouragues","T","N","NOU-T1-51",28.8,"Fabaceae","hymanea","courbaril","33.74",33.74,4.94,0.171527777777778,0,0.0428819444444445
"1774","Nouragues","T","N","NOU-T1-52",22,"Fabaceae","Dicorynia","guianensis","22.95",22.95,0.949999999999999,0.0431818181818181,1,0.0107954545454545
"1776","Nouragues","T","N","NOU-T1-54",25.6,"Fabaceae","Dicorynia","guianensis","27.84",27.84,2.24,0.0874999999999999,1,0.021875
"1777","Nouragues","T","N","NOU-T1-62",17,"Moraceae","Helicostylis","tomentosa","17.45",17.45,0.449999999999999,0.0264705882352941,0,0.00661764705882352
"1778","Nouragues","T","N","NOU-T1-66",3.5,"Fabaceae","Swartzia",NA,"3.38",3.38,0,0,1,0
"1779","Nouragues","T","N","NOU-T1-67",5.3,"Fabaceae","Albizia","pedicellaris","5.6899999999999995",5.69,0.39,0.0735849056603773,1,0.0183962264150943
"1780","Nouragues","T","N","NOU-T1-74",8.4,"Lecythidaceae","Eschweilera","coriacea","13.260000000000002",13.26,4.86,0.578571428571429,0,0.144642857142857
"1781","Nouragues","T","N","NOU-T1-76",5.5,"Sapotaceae","Pouteria",NA,"5.72",5.72,0.22,0.04,0,0.00999999999999999
"1782","Nouragues","T","N","NOU-T1-77",19.8,"Fabaceae","Vouacapoua","americana","20.03",20.03,0.23,0.0116161616161616,1,0.00290404040404041
"1783","Nouragues","T","N","NOU-T1-78",5.15,"Burseraceae",NA,NA,"7.15",7.15,2,0.388349514563107,1,0.0970873786407767
"1784","Nouragues","T","N","NOU-T1-79",7.3,"Burseraceae",NA,NA,"10.48",10.48,3.18,0.435616438356164,1,0.108904109589041
"1785","Nouragues","T","N","NOU-T1-80",4.65,"Lecythidaceae","couratari",NA,"4.92",4.92,0.27,0.0580645161290322,0,0.014516129032258
"1786","Nouragues","T","N","NOU-T1-82",3.2,"Lecythidaceae","Gustavia","hexapetala","3.24",3.24,0.04,0.0125,0,0.003125
"1787","Nouragues","T","N","NOU-T1-99",24,"Fabaceae","Dicorynia","guianensis","28.42",28.42,4.42,0.184166666666667,1,0.0460416666666667
"1788","Nouragues","T","N","NOU-T1-108",12.75,"Lecythidaceae","Eschweilera","coriacea","13.03",13.03,0.279999999999999,0.0219607843137254,0,0.00549019607843136
"1789","Nouragues","T","NP","NOU-T2-10",13.9,"Chrysobalanaceae","Licania",NA,"14.9",14.9,1,0.0719424460431655,0,0.0179856115107914
"1790","Nouragues","T","NP","NOU-T2-36",24.9,"Fabaceae","Dicorynia","guianensis","24.959999999999997",24.96,0.0599999999999987,0.00240963855421682,1,0.000602409638554204
"1792","Nouragues","T","NP","NOU-T2-49",5,"Annonaceae",NA,NA,"5.16",5.16,0.16,0.032,1,0.00800000000000001
"1793","Nouragues","T","NP","NOU-T2-50",3.9,"Vochysiaceae","Ruizterania","albiflora","5.25",5.25,1.35,0.346153846153846,0,0.0865384615384616
"1794","Nouragues","T","NP","NOU-T2-52",8,"Fabaceae","Dicorynia","guianensis","9.7899999999999991",9.79,1.79,0.22375,1,0.0559375
"1795","Nouragues","T","NP","NOU-T2-53",6.3,"Fabaceae","Vouacapoua","americana","7.72",7.72,1.42,0.225396825396825,1,0.0563492063492064
"1796","Nouragues","T","NP","NOU-T2-54",7.7,"Annonaceae","Duguetia","surinamensis","8.32",8.32,0.62,0.0805194805194805,0,0.0201298701298701
"1797","Nouragues","T","NP","NOU-T2-55",7.3,"Fabaceae","Vouacapoua","americana","9.5299999999999994",9.53,2.23,0.305479452054794,1,0.0763698630136986
"1798","Nouragues","T","NP","NOU-T2-61",16.1,"Fabaceae","Vouacapoua","americana","16.330000000000002",16.33,0.23,0.0142857142857143,1,0.00357142857142858
"1799","Nouragues","T","NP","NOU-T2-75",5.15,"Myristicaceae","Virola","michelii","6.78",6.78,1.63,0.316504854368932,0,0.079126213592233
"1800","Nouragues","T","NP","NOU-T2-76",7.7,"Icacinaceae","Poraqueiba","guianensis","8.61",8.61,0.909999999999999,0.118181818181818,0,0.0295454545454545
"1801","Nouragues","T","NP","NOU-T2-78",28.75,"Fabaceae","Dicorynia","guianensis","32.25",32.25,3.5,0.121739130434783,1,0.0304347826086957
"1802","Nouragues","T","NP","NOU-T2-80",9.8,"Chrysobalanaceae","Licania","alba","10.83",10.83,1.03,0.105102040816326,0,0.0262755102040816
"1803","Nouragues","T","NP","NOU-T2-81",10.2,"Chrysobalanaceae","Licania","alba","12.08",12.08,1.88,0.184313725490196,0,0.046078431372549
"1804","Nouragues","T","NP","NOU-T2-82",14.45,"Rubiaceae","Chimarrhis","turbinata","17.34",17.34,2.89,0.2,0,0.05
"1805","Nouragues","T","NP","NOU-T2-85",14.1,"Sapotaceae","Micropholis",NA,"18.64",18.64,4.54,0.321985815602837,0,0.0804964539007092
"1807","Nouragues","T","NP","NOU-T2-91",24.3,"Combretaceae",NA,NA,"25.51",25.51,1.21,0.0497942386831276,1,0.0124485596707819
"1808","Nouragues","T","NP","NOU-T2-99",15.2,"Chrysobalanaceae","Licania",NA,"16.11",16.11,0.91,0.0598684210526316,0,0.0149671052631579
"1810","Nouragues","T","NP","NOU-T2-111",23.4,"Chrysobalanaceae","Licania",NA,"25.84",25.84,2.44,0.104273504273504,0,0.0260683760683761
"1811","Nouragues","T","NP","NOU-T2-114",18,"Chrysobalanaceae","Licania",NA,"22",22,4,0.222222222222222,0,0.0555555555555556
"1812","Nouragues","T","P","NOU-T3-5",22.5,"Olacaceae","Minquartia","guianensis","24.98",24.98,2.48,0.110222222222222,0,0.0275555555555556
"1813","Nouragues","T","P","NOU-T3-8",16.45,"Chrysobalanaceae","Licania","alba","16.739999999999998",16.74,0.289999999999999,0.0176291793313069,0,0.00440729483282673
"1814","Nouragues","T","P","NOU-T3-13",13.6,"Sapotaceae",NA,NA,"17.05",17.05,3.45,0.253676470588235,1,0.0634191176470588
"1815","Nouragues","T","P","NOU-T3-33",19.05,"Chrysobalanaceae","Licania",NA,"21.42",21.42,2.37,0.124409448818898,0,0.0311023622047244
"1816","Nouragues","T","P","NOU-T3-41",7.2,"Myristicaceae","Iryanthera","sagotiana","7.82",7.82,0.62,0.0861111111111111,0,0.0215277777777778
"1818","Nouragues","T","P","NOU-T3-54",21.65,"Sapotaceae","Chrysophyllum","sanguinolentum","23.119999999999997",23.12,1.47,0.0678983833718244,0,0.0169745958429561
"1819","Nouragues","T","P","NOU-T3-55",10.05,"Burseraceae",NA,NA,"11.790000000000001",11.79,1.74,0.173134328358209,1,0.0432835820895522
"1821","Nouragues","T","P","NOU-T3-57",12.4,"Fabaceae","Swartzia","polyphylla","13.190000000000001",13.19,0.790000000000001,0.0637096774193549,1,0.0159274193548387
"1822","Nouragues","T","P","NOU-T3-58",4.85,"Annonaceae",NA,NA,"6.1499999999999995",6.15,1.3,0.268041237113402,1,0.0670103092783505
"1823","Nouragues","T","P","NOU-T3-59",25.95,"Caryocaraceae","Caryocar","glabrum","28.669999999999998",28.67,2.72,0.104816955684008,0,0.0262042389210019
"1824","Nouragues","T","P","NOU-T3-60",8.7,"Chrysobalanaceae","Licania","bicornis","11.719999999999999",11.72,3.02,0.347126436781609,0,0.0867816091954023
"1825","Nouragues","T","P","NOU-T3-61",5.2,"Linaceae","Hebepetalum","humiriifolium","5.16",5.16,0,0,0,0
"1826","Nouragues","T","P","NOU-T3-62",11.9,"Myristicaceae","Iryanthera","sagotiana","13.22",13.22,1.32,0.110924369747899,0,0.0277310924369748
"1827","Nouragues","T","P","NOU-T3-63",4.75,"Chrysobalanaceae","Licania","alba","4.75",4.75,0,0,0,0
"1828","Nouragues","T","P","NOU-T3-72",20.6,"Euphorbiaceae",NA,NA,"21.94",21.94,1.34,0.0650485436893204,1,0.0162621359223301
"1829","Nouragues","T","P","NOU-T3-82",11.4,"Chrysobalanaceae","Licania","alba","12.17",12.17,0.77,0.0675438596491228,0,0.0168859649122807
"1831","Nouragues","T","P","NOU-T3-84",4.8,"Lauraceae",NA,NA,"6.6999999999999993",6.7,1.9,0.395833333333333,1,0.0989583333333333
"1833","Nouragues","T","P","NOU-T3-87",3.55,"Chrysobalanaceae","Licania","membranacea","5.4399999999999995",5.44,1.89,0.532394366197183,0,0.133098591549296
"1834","Nouragues","T","P","NOU-T3-97",23.1,"Olacaceae","Minquartia","guianensis","24.37",24.37,1.27,0.054978354978355,0,0.0137445887445887
"1835","Nouragues","T","P","NOU-T3-102",14.8,"Burseraceae",NA,NA,"16.05",16.05,1.25,0.0844594594594595,1,0.0211148648648649
"1836","Nouragues","T","P","NOU-T3-103",21.7,"Chrysobalanaceae","Parinari",NA,"25.13",25.13,3.43,0.158064516129032,0,0.0395161290322581
"1837","Nouragues","T","P","NOU-T3-104",15.45,"Lauraceae",NA,NA,"19.37",19.37,3.92,0.253721682847897,1,0.0634304207119741
"1841","Nouragues","T","P","NOU-T3-124",16,"Chrysobalanaceae","Licania","membranacea","16.23",16.23,0.23,0.014375,0,0.00359375000000001
"1843","Nouragues","T","C","NOU-T4-194",44,"Fabaceae","Dicorynia","guianensis","51.23",51.23,7.23,0.164318181818182,1,0.0410795454545454
"1844","Nouragues","T","C","NOU-T4-244",28.3,"Myristicaceae","Iryanthera","sagotiana","29.080000000000002",29.08,0.780000000000001,0.0275618374558304,0,0.00689045936395761
"1846","Nouragues","T","C","NOU-T4-245",14.9,"Putranjivaceae","Drypetes","variabilis","16.490000000000002",16.49,1.59,0.106711409395973,0,0.0266778523489933
"1847","Nouragues","T","C","NOU-T4-249",17.8,"Chrysobalanaceae","Licania","canescens","17.63",17.63,0,0,0,0
"1848","Nouragues","T","C","NOU-T4-250",47.3,"Chrysobalanaceae","Licania","alba","48.25",48.25,0.950000000000003,0.0200845665961946,0,0.00502114164904864
"1850","Nouragues","T","C","NOU-T4-252",13.8,"Burseraceae","Protium","apiculatum","15.06",15.06,1.26,0.0913043478260869,0,0.0228260869565217
"1851","Nouragues","T","C","NOU-T4-253",52.6,"Myristicaceae","Virola","michelii","52.6",52.6,0,0,0,0
"1853","Nouragues","T","C","NOU-T4-295",48.5,"Malvaceae","Sterculia","pruriens","49.23",49.23,0.729999999999997,0.0150515463917525,0,0.00376288659793813
"1854","Nouragues","T","C","NOU-T4-298",35.1,"Sapotaceae","Pouteria","eugeniifolia","37.17",37.17,2.07,0.058974358974359,0,0.0147435897435897
"1855","Nouragues","T","C","NOU-T4-299",12.3,"Lauraceae","Sextonia","rubra","13.59",13.59,1.29,0.104878048780488,0,0.0262195121951219
"1856","Nouragues","T","C","NOU-T4-299.1",12.3,"Lauraceae","Sextonia","rubra","12.540000000000001",12.54,0.24,0.0195121951219512,0,0.00487804878048781
"1858","Nouragues","T","C","NOU-T4-303",12.2,"Anacardiaceae","Anacardium","spruceanum","12.229999999999999",12.23,0.0299999999999994,0.00245901639344257,0,0.000614754098360643
"1859","Nouragues","T","C","NOU-T4-304",19.4,"Lecythidaceae","Indet.Lecythidaceae","indet","19.759999999999998",19.76,0.359999999999999,0.0185567010309278,0,0.00463917525773195
"1860","Nouragues","T","C","NOU-T4-304.1",10.7,"Annonaceae","Duguetia","calycina","10.7",10.7,0,0,0,0
"1861","Nouragues","T","C","NOU-T4-305",21.3,"Dichapetalaceae","Tapura","amazonica","21.43",21.43,0.129999999999999,0.00610328638497648,0,0.00152582159624412
"1862","Nouragues","T","C","NOU-T4-345",14.2,"Fabaceae","Dicorynia","guianensis","19.16",19.16,4.96,0.349295774647887,1,0.0873239436619719
"1864","Nouragues","T","C","NOU-T4-350",43.4,"Chrysobalanaceae","Licania","sp.N4","44.25",44.25,0.850000000000001,0.0195852534562212,0,0.00489631336405531
